[
  {
    "auditHeader": null,
    "proposedSnapshot": {
      "com.linkedin.pegasus2avro.metadata.snapshot.CorpUserSnapshot": {
        "urn": "urn:li:corpuser:harshal",
        "aspects": [
          {
            "com.linkedin.pegasus2avro.identity.CorpUserInfo": {
              "active": true,
              "displayName": {
                "string": "Harshal Sheth"
              },
              "email": "harshal@sheth.io",
              "title": {
                "string": "Engineer"
              },
              "managerUrn": null,
              "departmentId": null,
              "departmentName": null,
              "firstName": null,
              "lastName": null,
              "fullName": {
                "string": "Harshal Sheth"
              },
              "countryCode": null
            }
          }
        ]
      }
    },
    "proposedDelta": null
  },
  {
    "auditHeader": null,
    "proposedSnapshot": {
      "com.linkedin.pegasus2avro.metadata.snapshot.CorpUserSnapshot": {
        "urn": "urn:li:corpuser:jane",
        "aspects": [
          {
            "com.linkedin.pegasus2avro.identity.CorpUserInfo": {
              "active": true,
              "displayName": {
                "string": "Jane Doe"
              },
              "email": "jane@example.com",
              "title": {
                "string": "CEO"
              },
              "managerUrn": null,
              "departmentId": null,
              "departmentName": null,
              "firstName": null,
              "lastName": null,
              "fullName": {
                "string": "Jane Doe"
              },
              "countryCode": null
            }
          }
        ]
      }
    },
    "proposedDelta": null
  }
]
